	Mutational_Context	Molnupiravir	Normal
0	A[A>G]A	0.13391744905517525	0.06724064929711866
1	A[A>G]C	0.04978192184870885	0.06104327615057877
2	A[A>G]G	0.1421260362112705	0.11921592489606612
3	A[A>G]T	0.10921749851375093	0.10133953579053714
4	C[A>G]A	0.06281325296774437	0.04622194581657314
5	C[A>G]C	0.03840682482379233	0.0382838570182325
6	C[A>G]G	0.0914549176034741	0.06876481552147581
7	C[A>G]T	0.05225478974920135	0.07713399016588085
8	G[A>G]A	0.04277964630425204	0.036013351820997706
9	G[A>G]C	0.016757310078609717	0.021386312341268414
10	G[A>G]G	0.03914681888508603	0.030448414917019176
11	G[A>G]T	0.05995173079451785	0.07187282808042118
12	T[A>G]A	0.046674945405819096	0.0335077116940045
13	T[A>G]C	0.019911202494805002	0.050321595765128374
14	T[A>G]G	0.05008983176294372	0.07112141015187096
15	T[A>G]T	0.044715823500848816	0.10608438057282663
