	Mutational_Context	Molnupiravir	Normal
0	A[C>T]A	0.2414177531636407	0.1717557733648566
1	A[C>T]C	0.059448000648531896	0.05785596507692446
2	A[C>T]G	0.033972448377051295	0.05089172694466828
3	A[C>T]T	0.11682141069882276	0.12681847504256727
4	C[C>T]A	0.052644542848671524	0.06888901045102892
5	C[C>T]C	0.011110976859737543	0.019945065401820523
6	C[C>T]G	0.010425645513885827	0.015582925282348474
7	C[C>T]T	0.02917289632529699	0.04456105499307929
8	G[C>T]A	0.09789222969107482	0.052016976930099525
9	G[C>T]C	0.03163017499593753	0.022560679389012826
10	G[C>T]G	0.018753486042738975	0.01537484615718335
11	G[C>T]T	0.07058150665577148	0.0661795178203226
12	T[C>T]A	0.10410986422338123	0.09420032809120836
13	T[C>T]C	0.02064344758017245	0.031311429345375806
14	T[C>T]G	0.02929738987481027	0.0648560709590632
15	T[C>T]T	0.07207822650047468	0.09720015475044046
