	Mutational_Context	Molnupiravir	Normal
0	A[G>A]A	0.03340454159383313	0.08763242259699895
1	A[G>A]C	0.04758545351414305	0.061329386108111374
2	A[G>A]G	0.026440533047044818	0.10707068293148146
3	A[G>A]T	0.06589627845058	0.09231537937028088
4	C[G>A]A	0.021136812482989733	0.023764496619550934
5	C[G>A]C	0.019785696134134743	0.052721250087249656
6	C[G>A]G	0.015806464212279304	0.04130013974395961
7	C[G>A]T	0.06228683412928087	0.06855089816102611
8	G[G>A]A	0.022354018349922275	0.038392231017931946
9	G[G>A]C	0.029068284450918927	0.035920678599732456
10	G[G>A]G	0.010647566873835931	0.026834913771260214
11	G[G>A]T	0.037898013682544876	0.03660969558573366
12	T[G>A]A	0.09915894001722723	0.0595063620296254
13	T[G>A]C	0.17132417535628805	0.05231073933507396
14	T[G>A]G	0.0671728587946298	0.08041782211128734
15	T[G>A]T	0.27003352891034726	0.135322901930696
