	Mutational_Context	Molnupiravir	Normal
0	A[T>C]A	0.06005721741570797	0.11636065028849432
1	A[T>C]C	0.050067385444743935	0.08801904942882256
2	A[T>C]G	0.08283157094477848	0.11827865821777499
3	A[T>C]T	0.08628844426014236	0.11559241216184775
4	C[T>C]A	0.0490109942468433	0.06296799285551061
5	C[T>C]C	0.033185493751531486	0.03235911448764484
6	C[T>C]G	0.08279356387846953	0.059381171898734125
7	C[T>C]T	0.10979003700701814	0.04771711035980437
8	G[T>C]A	0.017997788375146866	0.025420019594920688
9	G[T>C]C	0.019565623056189092	0.030636819019273155
10	G[T>C]G	0.04874991884425847	0.04396883268289488
11	G[T>C]T	0.039948290703007684	0.047307168846752276
12	T[T>C]A	0.07394873470345169	0.05978123729007069
13	T[T>C]C	0.038484644286531075	0.038122772275211096
14	T[T>C]G	0.10082014421637063	0.05728840693361669
15	T[T>C]T	0.10646014886580923	0.05679858365862688
